SurveyResponseID,AnswerNumber,TripID,SpendType,ImputedSpendAmt,NonImputedSpendAmt,IndivOrTotalCosts,NoPeople,NoChildren,TripYear,TripQtr,TripType,POV,NoNightsOnTrip,ImputedSpendAccom,ImputedSpendTrnsport,SmoothedTripWeight,ExpenditureWeight,RespondentWeight
2789270,31,17019601,Alcohol,2.62019230769231,0,Individual,1,0,2010,3,Day Trip,Recreation,NA,NA,9.70751535974093,10220.989556472,10220.989556472,196.018977795353
2787857,31,16878301,Alcohol,1.72631578947368,0,Individual,1,0,2010,3,Day Trip,Sightseeing,NA,NA,124.633606024444,6492.2961019026,6492.2961019026,124.509788255666
2787354,33,16828001,Alcohol,1.42702936096718,0,Individual,1,0,2010,3,Day Trip,Visiting relatives,NA,NA,19.551564117393,10214.3507445192,10214.3507445192,195.891658114066
2787428,33,16835401,Alcohol,4.50682261208577,0,Individual,1,0,2010,3,Day Trip,Visiting friends,NA,NA,21.9279140138178,14910.2985011444,14910.2985011444,285.950930158933
2787457,33,16838301,Alcohol,3.11734693877551,0,Individual,1,0,2010,3,Day Trip,Visiting friends,NA,NA,26.8292992486623,3575.90479494042,3575.90479494042,68.5789960673505
2787547,33,16847301,Alcohol,1.72631578947368,0,Individual,1,0,2010,3,Day Trip,Holiday,NA,NA,28.0745830585825,2942.35535531364,2942.35535531364,56.4287328416315
2787801,33,16872701,Alcohol,2.62019230769231,0,Individual,1,0,2010,3,Day Trip,Hospital/Medical Treatment,NA,NA,15.5144450505623,5233.30645447237,5233.30645447237,100.364781318648
2788447,33,16937301,Alcohol,5.50458468176915,0,Individual,1,0,2010,3,Day Trip,Holiday,NA,NA,24.0537178601514,5551.53446086967,5551.53446086967,106.467784181062
2788469,33,16939501,Alcohol,1.70666666666667,0,Individual,1,0,2010,3,Day Trip,Personal Business,NA,NA,21.8154303812046,11945.5542598859,11945.5542598859,229.092821422469
2788640,33,16956601,Alcohol,1.77022573735376,0,Individual,1,0,2010,3,Day Trip,Personal Business,NA,NA,30.0131414368653,6730.49410056256,6730.49410056256,129.077969051885
2788701,33,16962701,Alcohol,1.77022573735376,0,Individual,1,0,2010,3,Day Trip,Personal Business,NA,NA,8.35900439088775,25995.8114889766,25995.8114889766,498.549809377634
2788807,33,16973301,Alcohol,3.98490813648294,0,Individual,1,0,2010,3,Day Trip,Sightseeing,NA,NA,19.7024273218109,21088.738549123,21088.738549123,404.441561216057
2788810,33,16973601,Alcohol,3.8801652892562,40,Total,3,0,2010,3,Day Trip,Business   ,NA,NA,13.9057906347352,3262.98497211829,3262.98497211829,62.5777939858301
2789035,33,16996101,Alcohol,5.50458468176915,0,Individual,1,0,2010,3,Day Trip,Attending wedding/Family Occasion/Funeral,NA,NA,194.672265290571,9069.8753380559,9069.8753380559,173.942814702442
2789234,33,17016001,Alcohol,2.42863720073665,0,Individual,1,0,2010,3,Day Trip,Publicised special event,NA,NA,12.2287725852329,21283.9985247473,21283.9985247473,408.186273077345
2789311,33,17023701,Alcohol,1.72631578947368,12,Total,2,0,2010,3,Day Trip,Visiting friends,NA,NA,36.5504015023532,6194.26484910845,6194.26484910845,118.794120393861
2789337,33,17026301,Alcohol,1.70666666666667,0,Individual,1,0,2010,3,Day Trip,Personal Business,NA,NA,21.0446128647043,44910.5560995189,44910.5560995189,861.298336155157
2789501,33,17042701,Alcohol,1.70666666666667,0,Individual,1,0,2010,3,Day Trip,Personal Business,NA,NA,14.573536788151,12561.6363770557,12561.6363770557,240.908094902438
2789912,33,17083801,Alcohol,3.47222222222222,0,Individual,1,0,2010,3,Day Trip,Participating in sports activity,NA,NA,18.4423494336183,18183.346268254,18183.346268254,348.721709254187
2789960,33,17088601,Alcohol,2.42863720073665,0,Individual,1,0,2010,3,Day Trip,Recreation,NA,NA,16.885488697547,8755.95545869366,8755.95545869366,167.922433454399
2790150,33,17107601,Alcohol,1.77022573735376,0,Individual,1,0,2010,3,Day Trip,Business   ,NA,NA,32.1901716772906,3548.54206994688,3548.54206994688,68.0542314784332
2790172,33,17109802,Alcohol,1.62373737373737,0,Individual,1,0,2010,3,Day Trip,Recreation,NA,NA,19.8657082121714,9792.5876961189,9792.5876961189,187.80305170639
2790317,33,17124301,Alcohol,3.56153846153846,15,Total,2,0,2010,3,Day Trip,Visiting relatives,NA,NA,18.4976668163492,12340.7456503956,12340.7456503956,236.671834391148
2790677,33,17160301,Alcohol,1.77022573735376,0,Individual,1,0,2010,3,Day Trip,Personal Business,NA,NA,58.0128442134438,18044.8508506934,18044.8508506934,346.065632753025
2787443,33,16836901,Alcohol,2.62019230769231,0,Individual,1,0,2010,3,Day Trip,Visiting relatives,NA,NA,42.1087869130139,3767.78638424521,3767.78638424521,72.2589169581272
2787568,33,16849401,Alcohol,7.35297397769517,0,Individual,1,0,2010,3,Day Trip,Visiting relatives,NA,NA,28.6028579891395,7513.6140352706,7513.6140352706,144.096707525738
2787754,33,16868001,Alcohol,3.11734693877551,40,Individual,1,0,2010,3,Day Trip,Attending wedding/Family Occasion/Funeral,NA,NA,76.1335535309128,4699.28883569107,4699.28883569107,90.1233475338014
2787764,33,16869001,Alcohol,2.62019230769231,9,Individual,1,0,2010,3,Day Trip,Recreation,NA,NA,36.9163081074464,3706.96516533565,3706.96516533565,71.0924826228755
2787793,33,16871901,Alcohol,1.72631578947368,0,Individual,1,0,2010,3,Day Trip,Visiting relatives,NA,NA,18.5904331007368,4730.65305513344,4730.65305513344,90.7248531121482
2788416,33,16934201,Alcohol,1.77022573735376,0,Individual,1,0,2010,3,Day Trip,Business   ,NA,NA,42.7921957084986,7123.38449226772,7123.38449226772,136.612853276367
2788477,33,16940301,Alcohol,5.50458468176915,0,Individual,1,0,2010,3,Day Trip,Visiting relatives,NA,NA,21.0607874301632,8512.73104890228,8512.73104890228,163.257855732372
2788789,33,16971501,Alcohol,1.77022573735376,0,Individual,1,0,2010,3,Day Trip,Business   ,NA,NA,42.7921957084986,8419.40750749105,8419.40750749105,161.46808918476
2788850,33,16977601,Alcohol,5.50458468176915,0,Individual,1,0,2010,3,Day Trip,Visiting relatives,NA,NA,25.2594433996412,8441.46164474968,8441.46164474968,161.891045241775
2788950,33,16987601,Alcohol,3.8801652892562,0,Individual,1,0,2010,3,Day Trip,Personal Business,NA,NA,19.9181668835778,3399.45235373772,3399.45235373772,65.1949766470247
2788982,33,16990801,Alcohol,5.50458468176915,0,Individual,1,0,2010,3,Day Trip,Visiting relatives,NA,NA,17.2624909146415,6455.53895381831,6455.53895381831,123.80485664857
2789027,33,16995301,Alcohol,3.98490813648294,0,Individual,1,0,2010,3,Day Trip,Publicised special event,NA,NA,63.4817316940929,11052.026225719,11052.026225719,211.956667342555
2789043,33,16996901,Alcohol,3.8801652892562,0,Individual,1,0,2010,3,Day Trip,Personal Business,NA,NA,10.7401096529964,4293.14618217332,4293.14618217332,82.3343103430499
2789197,33,17012301,Alcohol,4.50682261208577,0,Individual,1,0,2010,3,Day Trip,Visiting friends,NA,NA,19.266649251994,20887.4293654364,20887.4293654364,400.580837145356
2789242,33,17016801,Alcohol,1.42702936096718,0,Individual,1,0,2010,3,Day Trip,Holiday,NA,NA,14.1539237974953,22585.0559673856,22585.0559673856,433.138059648492
2789653,33,17057901,Alcohol,1.62373737373737,0,Individual,1,0,2010,3,Day Trip,Recreation,NA,NA,22.0297209245561,9575.4642648401,9575.4642648401,183.639040695564
2789679,33,17060501,Alcohol,2.42863720073665,0,Individual,1,0,2010,3,Day Trip,Visiting relatives,NA,NA,31.9233994929442,29901.1753423804,29901.1753423804,573.447198347021
2789689,33,17061502,Alcohol,2.42863720073665,60,Total,6,0,2010,3,Day Trip,Recreation,NA,NA,15.3395402531668,8483.21558901701,8483.21558901701,162.691805816764
2789962,33,17088801,Alcohol,3.98490813648294,0,Individual,1,0,2010,3,Day Trip,Hospital/Medical Treatment,NA,NA,28.8001933276698,20344.2804793414,20344.2804793414,390.164283165452
2790100,33,17102601,Alcohol,2.42863720073665,0,Individual,1,0,2010,3,Day Trip,Visiting relatives,NA,NA,13.1070577339948,19748.5717748764,19748.5717748764,378.739732668862
2790164,33,17109001,Alcohol,1.72631578947368,30,Individual,1,0,2010,3,Day Trip,Publicised special event,NA,NA,16.9709905681324,6963.72177980979,6963.72177980979,133.550828653886
2790527,33,17145301,Alcohol,5.50458468176915,0,Individual,1,0,2010,3,Day Trip,Recreation,NA,NA,20.4328257035436,3811.80498694159,3811.80498694159,73.1031093386058
2790592,33,17151801,Alcohol,2.42863720073665,10,Total,4,0,2010,3,Day Trip,Attending wedding/Family Occasion/Funeral,NA,NA,29.9265570128339,11969.8071140713,11969.8071140713,229.557944653423
2790730,33,17165601,Alcohol,1.42702936096718,0,Individual,1,0,2010,3,Day Trip,Recreation,NA,NA,32.2730506351543,11287.6854725987,11287.6854725987,243.936752399582
2787416,33,16834201,Alcohol,3.98490813648294,0,Individual,1,0,2010,3,Day Trip,Recreation,NA,NA,18.8568294805129,11161.984917351,11161.984917351,214.065464168374
2787612,33,16853801,Alcohol,1.77022573735376,0,Individual,1,0,2010,3,Day Trip,Personal Business,NA,NA,258.866132385068,5329.43234684279,5329.43234684279,102.208291583286
2787619,33,16854501,Alcohol,1.62373737373737,0,Individual,1,0,2010,3,Day Trip,Visiting relatives,NA,NA,12.6403953164909,17216.6793003481,17216.6793003481,330.182890691607
2787802,33,16872801,Alcohol,1.72631578947368,0,Individual,1,0,2010,3,Day Trip,Hospital/Medical Treatment,NA,NA,15.6236541454016,3518.14422469168,3518.14422469168,67.4712591036761
2787959,33,16888501,Alcohol,1.77022573735376,0,Individual,1,0,2010,3,Day Trip,Business   ,NA,NA,213.51755400338,9086.38689432693,9086.38689432693,174.259474685722
2788101,33,16902701,Alcohol,5.50458468176915,0,Individual,1,0,2010,3,Day Trip,Visiting friends,NA,NA,53.9721736343204,8952.99503530186,8952.99503530186,171.701274649625
2788319,33,16924501,Alcohol,2.62019230769231,0,Individual,1,0,2010,3,Day Trip,Visiting relatives,NA,NA,9.70751535974093,6194.26484910845,6194.26484910845,118.794120393861
2788338,33,16926402,Alcohol,2.62019230769231,0,Individual,1,0,2010,3,Day Trip,Hospital/Medical Treatment,NA,NA,17.4611496231505,5233.30645447237,5233.30645447237,100.364781318648
2788653,33,16957901,Alcohol,1.70666666666667,0,Individual,1,0,2010,3,Day Trip,Business   ,NA,NA,21.3900714177067,14910.2985011444,14910.2985011444,285.950930158933
2788798,33,16972401,Alcohol,2.62019230769231,50,Total,2,0,2010,3,Day Trip,Visiting friends,NA,NA,12.9631384776427,5199.26895878145,5199.26895878145,99.7120074286854
2789145,33,17007101,Alcohol,4.50682261208577,0,Individual,1,0,2010,3,Day Trip,Education Or Study,NA,NA,21.4863289386811,15424.4392154998,15424.4392154998,295.811163036982
2789212,33,17013801,Alcohol,2.42863720073665,0,Individual,1,0,2010,3,Day Trip,Sightseeing,NA,NA,11.0554635194505,9834.53650132466,9834.53650132466,188.607549340473
2789238,33,17016401,Alcohol,3.98490813648294,0,Individual,1,0,2010,3,Day Trip,Recreation,NA,NA,14.4551343818487,22215.3796165667,22215.3796165667,426.048376208128
2789415,33,17034101,Alcohol,5.50458468176915,0,Individual,1,0,2010,3,Day Trip,Visiting relatives,NA,NA,24.2266072331157,6302.1232320888,6302.1232320888,120.86263732773
2789518,33,17044401,Alcohol,1.70666666666667,0,Individual,1,0,2010,3,Day Trip,Personal Business,NA,NA,20.1795351491012,7192.13366652853,7192.13366652853,137.931330590958
2789559,33,17048501,Alcohol,1.77022573735376,0,Individual,1,0,2010,3,Day Trip,Personal Business,NA,NA,64.2931745282985,8646.05849932004,8646.05849932004,165.814820534905
2789739,33,17066501,Alcohol,2.42863720073665,0,Individual,1,0,2010,3,Day Trip,Education Or Study,NA,NA,13.1070577339948,10871.1361663468,10871.1361663468,208.48754291624
2789836,33,17076201,Alcohol,3.8801652892562,0,Individual,1,0,2010,3,Day Trip,Personal Business,NA,NA,19.365609309154,7717.77224009667,7717.77224009667,148.012070358018
2789865,33,17079101,Alcohol,4.50682261208577,0,Individual,1,0,2010,3,Day Trip,Visiting relatives,NA,NA,20.9405267267087,8721.93737247013,8721.93737247013,167.270031800797
2790051,33,17097701,Alcohol,1.62373737373737,0,Individual,1,0,2010,3,Day Trip,Sightseeing,NA,NA,32.0883215136507,6009.03005465402,6009.03005465402,115.241672281036
2790061,33,17098701,Alcohol,3.56153846153846,0,Individual,1,0,2010,3,Day Trip,Visiting relatives,NA,NA,58.1754441014182,22585.0559673856,22585.0559673856,433.138059648492
2790106,33,17103201,Alcohol,2.42863720073665,0,Individual,1,0,2010,3,Day Trip,Hospital/Medical Treatment,NA,NA,65.7950806603663,21454.8438075612,21454.8438075612,411.462757953229
2787155,34,16808101,Alcohol,1.42702936096718,0,Individual,1,0,2010,3,Day Trip,Recreation,NA,NA,11.8488274276858,10025.6161359947,10025.6161359947,192.272090279351
2787322,34,16824801,Alcohol,1.70666666666667,0,Individual,1,0,2010,3,Day Trip,Business   ,NA,NA,19.519046904368,6353.68565902767,6353.68565902767,121.851505789572
2787425,34,16835101,Alcohol,7.35297397769517,11,Individual,1,0,2010,3,Day Trip,Visiting friends,NA,NA,32.6630082399667,6397.03335340302,6397.03335340302,122.682831435126
2787460,34,16838601,Alcohol,1.70666666666667,11,Individual,1,0,2010,3,Day Trip,Personal Business,NA,NA,10.2148886860818,8740.18048943904,8740.18048943904,167.619899797461
2787483,34,16840901,Alcohol,1.72631578947368,0,Individual,1,0,2010,3,Day Trip,Publicised special event,NA,NA,30.572459376966,3366.01225390894,3366.01225390894,64.5536596640071
2787512,34,16843801,Alcohol,2.62019230769231,20,Individual,1,0,2010,3,Day Trip,Visiting friends,NA,NA,157.700781503334,4535.58713077009,4535.58713077009,86.9838627818921
2787531,34,16845701,Alcohol,2.42863720073665,0,Individual,1,0,2010,3,Day Trip,Visiting relatives,NA,NA,16.3375599304106,10535.3585210072,10535.3585210072,202.047971635755
2787640,34,16856601,Alcohol,1.42702936096718,0,Individual,1,0,2010,3,Day Trip,Recreation,NA,NA,11.9177499898262,10693.8952926409,10693.8952926409,205.088402872564
2787650,34,16857601,Alcohol,3.56153846153846,37,Total,2,0,2010,3,Day Trip,Visiting friends,NA,NA,14.9562817325196,12827.4953494059,12827.4953494059,246.006760125592
2787817,34,16874301,Alcohol,4.50682261208577,0,Individual,1,0,2010,3,Day Trip,Visiting friends,NA,NA,14.7587159446521,16420.1854924341,16420.1854924341,314.907666978189
2787862,34,16878802,Alcohol,1.70666666666667,0,Individual,1,0,2010,3,Day Trip,Conference Or Convention,NA,NA,16.7095085799209,10306.2595169333,10306.2595169333,197.654292105569
2787897,34,16882301,Alcohol,3.8801652892562,0,Individual,1,0,2010,3,Day Trip,Business   ,NA,NA,165.001912138203,8055.63656759489,8055.63656759489,154.49166020045
2787939,34,16886501,Alcohol,7.35297397769517,10,Individual,1,0,2010,3,Day Trip,Visiting relatives,NA,NA,15.3165946202604,8171.82272189348,8171.82272189348,156.719887817135
2788058,34,16898401,Alcohol,1.72631578947368,0,Individual,1,0,2010,3,Day Trip,Visiting friends,NA,NA,55.1105040308496,9533.99261744271,9533.99261744271,182.843694033148
2788331,34,16925701,Alcohol,2.62019230769231,0,Individual,1,0,2010,3,Day Trip,Visiting friends,NA,NA,48.2082081592473,7954.16050934778,7954.16050934778,152.545544014889
2788633,34,16955901,Alcohol,5.50458468176915,0,Individual,1,0,2010,3,Day Trip,Visiting friends,NA,NA,11.4261248872067,10124.5643492998,10124.5643492998,194.169727246846
2788646,34,16957201,Alcohol,7.35297397769517,0,Individual,1,0,2010,3,Day Trip,Visiting relatives,NA,NA,14.7002823067656,12509.8564729311,12509.8564729311,239.915055645255
2788652,34,16957801,Alcohol,1.42702936096718,0,Individual,1,0,2010,3,Day Trip,Visiting relatives,NA,NA,13.0439176818954,25568.6845786524,25568.6845786524,490.358334385115
2788688,34,16961401,Alcohol,2.62019230769231,0,Individual,1,0,2010,3,Day Trip,Recreation,NA,NA,14.7018228006294,6570.11228761962,6570.11228761962,126.002153461198
2788768,34,16969401,Alcohol,1.77022573735376,0,Individual,1,0,2010,3,Day Trip,Personal Business,NA,NA,12.6097843098024,5686.33823063742,5686.33823063742,109.05306195743
2788855,34,16978101,Alcohol,5.50458468176915,60,Total,2,0,2010,3,Day Trip,Recreation,NA,NA,29.2482075226173,8441.46164474968,8441.46164474968,161.891045241775
2789015,34,16994101,Alcohol,1.72631578947368,0,Individual,1,0,2010,3,Day Trip,Visiting relatives,NA,NA,50.42804827859,3419.62947383675,3419.62947383675,65.5819351146773
2789051,34,16997701,Alcohol,2.42863720073665,5,Individual,1,0,2010,3,Day Trip,Attending wedding/Family Occasion/Funeral,NA,NA,22.0748198427058,25513.8452960413,25513.8452960413,489.30662211586
2789070,34,16999601,Alcohol,1.77022573735376,0,Individual,1,0,2010,3,Day Trip,Personal Business,NA,NA,67.7456684239671,15244.5744882164,15244.5744882164,292.361702513739
2789118,34,17004401,Alcohol,3.8801652892562,0,Individual,1,0,2010,3,Day Trip,Personal Business,NA,NA,65.5964505706093,3738.99448143685,3738.99448143685,71.7067434796108
2789285,34,17021101,Alcohol,7.35297397769517,0,Individual,1,0,2010,3,Day Trip,Recreation,NA,NA,21.0835408354306,8273.55513961754,8273.55513961754,158.670920485816
2789301,34,17022701,Alcohol,3.11734693877551,0,Individual,1,0,2010,3,Day Trip,Recreation,NA,NA,85.0136956237786,7156.2789372883,7156.2789372883,137.243705646625
2789346,34,17027201,Alcohol,1.77022573735376,0,Individual,1,0,2010,3,Day Trip,Personal Business,NA,NA,13.4956349068797,9859.48624375067,9859.48624375067,189.086037551383
2789353,34,17027901,Alcohol,2.42863720073665,0,Individual,1,0,2010,3,Day Trip,Participating in sports activity,NA,NA,10.1618988582004,21452.1627463765,21452.1627463765,411.411340341467
2789562,34,17048801,Alcohol,4.50682261208577,0,Individual,1,0,2010,3,Day Trip,Holiday,NA,NA,10.9280695670886,8721.93737247013,8721.93737247013,167.270031800797
2789658,34,17058401,Alcohol,1.70666666666667,0,Individual,1,0,2010,3,Day Trip,Business   ,NA,NA,56.240798290359,6871.51156488594,6871.51156488594,131.782413573155
2789838,34,17076401,Alcohol,1.42702936096718,0,Individual,1,0,2010,3,Day Trip,Visiting relatives,NA,NA,11.6999130616684,12077.0454169656,12077.0454169656,231.614569640437
2789915,34,17084101,Alcohol,4.50682261208577,0,Individual,1,0,2010,3,Day Trip,Participating in sports activity,NA,NA,18.217739146917,19725.484381144,19725.484381144,378.296960734268
2790201,34,17112701,Alcohol,7.35297397769517,0,Individual,1,0,2010,3,Day Trip,Recreation,NA,NA,45.0052329553997,3417.87880709493,3417.87880709493,65.5483606840123
2790320,34,17124601,Alcohol,7.35297397769517,100,Individual,1,0,2010,3,Day Trip,Participating in sports activity,NA,NA,216.972589910642,9086.38689432693,9086.38689432693,174.259474685722
2790612,34,17153801,Alcohol,1.72631578947368,40,Total,2,0,2010,3,Day Trip,Visiting relatives,NA,NA,28.088728203067,51052.637917045,51052.637917045,979.091686080315
2790651,34,17157701,Alcohol,4.50682261208577,0,Individual,1,0,2010,3,Day Trip,Visiting relatives,NA,NA,19.8761786654058,8016.96987559722,8016.96987559722,153.750107203234
2790657,34,17158301,Alcohol,5.50458468176915,0,Individual,1,0,2010,3,Day Trip,Care of Invalids/Friends/Family Members,NA,NA,32.1684328981556,8332.89000423353,8332.89000423353,159.808849396259
2790670,34,17159601,Alcohol,2.42863720073665,0,Individual,1,0,2010,3,Day Trip,Recreation,NA,NA,28.7639327157952,9437.53369213408,9437.53369213408,180.993796835448
2790725,34,17165101,Alcohol,2.42863720073665,0,Individual,1,0,2010,3,Day Trip,Visiting friends,NA,NA,22.0403464739281,8272.3625732253,8272.3625732253,172.322516928494
2787301,34,16822701,Alcohol,1.70666666666667,0,Individual,1,0,2010,3,Day Trip,Personal Business,NA,NA,27.5709745391791,15415.7935247629,15415.7935247629,295.645355269426
2787369,34,16829501,Alcohol,1.62373737373737,0,Individual,1,0,2010,3,Day Trip,Recreation,NA,NA,18.5667060609421,8535.99709221153,8535.99709221153,163.704053823235
2787468,34,16839401,Alcohol,1.42702936096718,0,Individual,1,0,2010,3,Day Trip,Visiting relatives,NA,NA,10.7677535779315,17307.7313659416,17307.7313659416,331.92909468929
2787555,34,16848101,Alcohol,1.72631578947368,0,Individual,1,0,2010,3,Day Trip,Visiting relatives,NA,NA,21.9279140138178,5608.53262384321,5608.53262384321,107.560899635349
2787565,34,16849101,Alcohol,1.77022573735376,0,Individual,1,0,2010,3,Day Trip,Business   ,NA,NA,24.4926844600092,4708.28892684956,4708.28892684956,90.2959520217725
2787635,34,16856101,Alcohol,1.42702936096718,0,Individual,1,0,2010,3,Day Trip,Visiting relatives,NA,NA,39.0587103328801,31164.5515256706,31164.5515256706,597.6763306293
2787696,34,16862201,Alcohol,1.70666666666667,0,Individual,1,0,2010,3,Day Trip,Personal Business,NA,NA,22.5779978852463,20645.2183802508,20645.2183802508,395.935694963714
2787783,34,16870901,Alcohol,2.42863720073665,0,Individual,1,0,2010,3,Day Trip,Recreation,NA,NA,31.8363902241448,14379.4076796683,14379.4076796683,275.769462349804
2787815,34,16874101,Alcohol,4.50682261208577,0,Individual,1,0,2010,3,Day Trip,Attending wedding/Family Occasion/Funeral,NA,NA,38.8545184951245,11927.0830764636,11927.0830764636,228.738579548617
2787841,34,16876701,Alcohol,1.77022573735376,0,Individual,1,0,2010,3,Day Trip,Personal Business,NA,NA,12.0287953538546,9487.04518612885,9487.04518612885,181.943332336718
2787902,34,16882801,Alcohol,1.72631578947368,50,Individual,1,0,2010,3,Day Trip,Recreation,NA,NA,35.3634601784599,6784.11954395248,6784.11954395248,130.106402212787
2788259,34,16918501,Alcohol,5.50458468176915,0,Individual,1,0,2010,3,Day Trip,Visiting relatives,NA,NA,13.6643520021442,8273.55513961754,8273.55513961754,158.670920485816
2788413,34,16933901,Alcohol,5.50458468176915,0,Individual,1,0,2010,3,Day Trip,Visiting relatives,NA,NA,17.713979926636,8908.88008262988,8908.88008262988,170.855234461395
2788445,34,16937101,Alcohol,2.42863720073665,0,Individual,1,0,2010,3,Day Trip,Visiting relatives,NA,NA,10.548099843289,20950.8218130611,20950.8218130611,401.79658271624
2788792,34,16971801,Alcohol,3.11734693877551,0,Individual,1,0,2010,3,Day Trip,Participating in sports activity,NA,NA,9.56230736370196,13292.603255871,13292.603255871,254.926637783827
2788988,34,16991401,Alcohol,3.98490813648294,0,Individual,1,0,2010,3,Day Trip,Recreation,NA,NA,38.4288282650075,17586.6543954103,17586.6543954103,337.278303473621
2789152,34,17007801,Alcohol,7.35297397769517,30,Total,2,0,2010,3,Day Trip,Recreation,NA,NA,10.5060363879379,24396.4700567268,24396.4700567268,467.877507937227
2789200,34,17012601,Alcohol,1.70666666666667,0,Individual,1,0,2010,3,Day Trip,Business   ,NA,NA,17.9848918616385,14202.3291492511,42428.694096801,813.700982678376
2789383,34,17030901,Alcohol,2.42863720073665,0,Individual,1,0,2010,3,Day Trip,Holiday,NA,NA,17.6381018731309,12423.3733040508,12423.3733040508,238.256474324261
2789502,34,17042801,Alcohol,1.70666666666667,0,Individual,1,0,2010,3,Day Trip,Personal Business,NA,NA,12.1877439063574,8699.65423083876,8699.65423083876,166.8426838791
2789509,34,17043501,Alcohol,3.8801652892562,0,Individual,1,0,2010,3,Day Trip,Business   ,NA,NA,34.6075226080324,15787.7481354992,15787.7481354992,302.778731365738
2789721,34,17064701,Alcohol,3.98490813648294,0,Individual,1,0,2010,3,Day Trip,Visiting relatives,NA,NA,40.8013364817062,12479.272675579,12479.272675579,239.328517065899
2790045,34,17097101,Alcohol,7.35297397769517,30,Individual,1,0,2010,3,Day Trip,Visiting friends,NA,NA,343.557852031005,8273.55513961754,8273.55513961754,158.670920485816
2790248,34,17117401,Alcohol,5.50458468176915,0,Individual,1,0,2010,3,Day Trip,Visiting relatives,NA,NA,32.0285459062779,8273.55513961754,8273.55513961754,158.670920485816
2790389,34,17131501,Alcohol,5.50458468176915,18,Individual,1,0,2010,3,Day Trip,Recreation,NA,NA,38.1657680003184,10331.0530512463,10331.0530512463,198.12978454445
2790463,34,17138901,Alcohol,3.11734693877551,0,Individual,1,0,2010,3,Day Trip,Visiting relatives,NA,NA,73.8820809295934,11210.8564523113,11210.8564523113,215.002726482683
2790726,34,17165201,Alcohol,2.42863720073665,100,Total,4,0,2010,3,Day Trip,Recreation,NA,NA,40.0718807442446,22644.5259074252,22644.5259074252,443.377009484538
2790816,34,17174201,Alcohol,1.62373737373737,0,Individual,1,0,2010,3,Day Trip,Recreation,NA,NA,19.8926709281657,7434.25548810407,7434.25548810407,96.6884020346697
2787331,34,16825701,Alcohol,1.70666666666667,0,Individual,1,0,2010,3,Day Trip,Business   ,NA,NA,51.3311744690896,8591.6333726189,8591.6333726189,164.771050981732
2787389,34,16831501,Alcohol,3.47222222222222,0,Individual,1,0,2010,3,Day Trip,Visiting relatives,NA,NA,8.66618428564618,2115.36859201505,2115.36859201505,40.5687127235763
2787408,34,16833401,Alcohol,3.8801652892562,0,Individual,1,0,2010,3,Day Trip,Personal Business,NA,NA,33.0004015009407,27664.4399822102,27664.4399822102,530.550903768414
2787511,34,16843701,Alcohol,1.77022573735376,0,Individual,1,0,2010,3,Day Trip,Business   ,NA,NA,56.240798290359,8740.18048943904,8740.18048943904,167.619899797461
2787540,34,16846601,Alcohol,1.42702936096718,0,Individual,1,0,2010,3,Day Trip,Participating in sports activity,NA,NA,14.4930743840887,7509.3567541768,7509.3567541768,144.015061039007
2787559,34,16848501,Alcohol,1.72631578947368,0,Individual,1,0,2010,3,Day Trip,Visiting relatives,NA,NA,17.794113054664,9387.16992836841,9387.16992836841,180.027916434463
2787768,34,16869401,Alcohol,5.50458468176915,0,Individual,1,0,2010,3,Day Trip,Recreation,NA,NA,36.0492775633952,6537.78089676986,6537.78089676986,125.382099390107
2787986,34,16891201,Alcohol,1.77022573735376,0,Individual,1,0,2010,3,Day Trip,Business   ,NA,NA,311.827862233362,6222.77657075342,6222.77657075342,119.340920534997
2788195,34,16912101,Alcohol,1.42702936096718,0,Individual,1,0,2010,3,Day Trip,Visiting relatives,NA,NA,38.3781078860035,29929.1535880788,29929.1535880788,573.983767442607
2788597,34,16952301,Alcohol,5.50458468176915,30,Total,4,0,2010,3,Day Trip,Visiting relatives,NA,NA,33.1663337515061,20589.7100704657,20589.7100704657,394.871152036329
2788777,34,16970301,Alcohol,7.35297397769517,30,Total,2,0,2010,3,Day Trip,Participating in sports activity,NA,NA,11.6450713440908,7861.82291668672,7861.82291668672,150.774686073444
2789201,34,17012701,Alcohol,1.70666666666667,0,Individual,1,0,2010,3,Day Trip,Personal Business,NA,NA,19.8784191485287,14407.4044033798,14407.4044033798,276.306385818243
2789262,34,17018801,Alcohol,7.35297397769517,0,Individual,1,0,2010,3,Day Trip,Holiday,NA,NA,10.8413388003537,11323.1847508313,11323.1847508313,217.156967824161
2789474,34,17040001,Alcohol,2.42863720073665,0,Individual,1,0,2010,3,Day Trip,Attending wedding/Family Occasion/Funeral,NA,NA,187.451193711888,19644.3804593,19644.3804593,376.741543055068
2789593,34,17051901,Alcohol,3.11734693877551,0,Individual,1,0,2010,3,Day Trip,Participating in sports activity,NA,NA,65.7795605783297,7585.93641033922,7585.93641033922,145.483711979108
2789696,34,17062201,Alcohol,1.72631578947368,32,Total,4,0,2010,3,Day Trip,Participating in sports activity,NA,NA,17.794113054664,7337.63006263689,7337.63006263689,140.721672434132
2789879,34,17080501,Alcohol,1.72631578947368,0,Individual,1,0,2010,3,Day Trip,Hospital/Medical Treatment,NA,NA,26.7731284241554,3194.55836328554,3194.55836328554,61.265502857531
2789921,34,17084701,Alcohol,1.77022573735376,0,Individual,1,0,2010,3,Day Trip,Business   ,NA,NA,28.9430894275559,10331.0530512463,10331.0530512463,198.12978454445
2790036,34,17096201,Alcohol,2.42863720073665,0,Individual,1,0,2010,3,Day Trip,Publicised special event,NA,NA,32.0124455262551,15911.1771504467,15911.1771504467,305.145863159253
2790213,34,17113901,Alcohol,3.98490813648294,0,Individual,1,0,2010,3,Day Trip,Participating in sports activity,NA,NA,29.1428650369468,22048.6861841589,22048.6861841589,422.851515860582
2790245,34,17117101,Alcohol,1.77022573735376,0,Individual,1,0,2010,3,Day Trip,Business   ,NA,NA,171.257518316736,6264.78681979567,6264.78681979567,120.146596544026
2790300,34,17122601,Alcohol,3.11734693877551,0,Individual,1,0,2010,3,Day Trip,Visiting relatives,NA,NA,15.1300920749936,4557.73944180233,4557.73944180233,87.4087016236064
2790361,34,17128701,Alcohol,4.50682261208577,0,Individual,1,0,2010,3,Day Trip,Recreation,NA,NA,15.5582828566785,7368.45963970643,7368.45963970643,141.31292459711
2790428,34,17135401,Alcohol,1.42702936096718,10,Total,2,0,2010,3,Day Trip,Visiting relatives,NA,NA,21.9279140138178,22606.3383258021,22606.3383258021,433.546214467437
2790653,34,17157901,Alcohol,2.42863720073665,0,Individual,1,0,2010,3,Day Trip,Visiting friends,NA,NA,10.0626767473566,11045.8496181961,11045.8496181961,211.838211855815
2790666,34,17159201,Alcohol,1.42702936096718,0,Individual,1,0,2010,3,Day Trip,Participating in sports activity,NA,NA,47.2220063620636,10150.7220533192,10150.7220533192,194.671381844477
2790750,34,17167601,Alcohol,7.35297397769517,0,Individual,1,0,2010,3,Day Trip,Attending wedding/Family Occasion/Funeral,NA,NA,24.6577652874507,9809.556291184,9809.556291184,196.242768811761
2787842,35,16876801,Alcohol,2.42863720073665,0,Individual,1,0,2010,3,Day Trip,Care of Invalids/Friends/Family Members,NA,NA,13.0011857429638,14944.8628754354,14944.8628754354,286.613808569994
2788215,35,16914101,Alcohol,1.70666666666667,0,Individual,1,0,2010,3,Day Trip,Business   ,NA,NA,44.7039282341947,7534.81178094221,7534.81178094221,144.503239634508
2788234,35,16916001,Alcohol,1.72631578947368,0,Individual,1,0,2010,3,Day Trip,Visiting relatives,NA,NA,176.086127063309,8132.34191016743,8132.34191016743,155.962721564855
2788411,35,16933701,Alcohol,2.42863720073665,0,Individual,1,0,2010,3,Day Trip,Recreation,NA,NA,19.3199770687874,20322.6011095402,20322.6011095402,389.748514429538
2788601,35,16952701,Alcohol,3.56153846153846,15,Total,2,0,2010,3,Day Trip,Recreation,NA,NA,11.0064081734898,9036.10554139349,9036.10554139349,173.29517476645
2788948,35,16987401,Alcohol,1.77022573735376,0,Individual,1,0,2010,3,Day Trip,Business   ,NA,NA,75.7511137211053,7513.6140352706,7513.6140352706,144.096707525738
2789455,35,17038101,Alcohol,1.70666666666667,0,Individual,1,0,2010,3,Day Trip,Business   ,NA,NA,23.140513544545,2925.68615008568,2925.68615008568,56.109049453698
2789902,35,17082801,Alcohol,1.70666666666667,0,Individual,1,0,2010,3,Day Trip,Business   ,NA,NA,34.3386764285415,10269.8608737286,10269.8608737286,196.95623593452
2790439,35,17136501,Alcohol,3.11734693877551,0,Individual,1,0,2010,3,Day Trip,Visiting friends,NA,NA,20.6752994057221,5167.32911197512,5167.32911197512,99.0994624214406
2790464,35,17139001,Alcohol,1.70666666666667,0,Individual,1,0,2010,3,Day Trip,Business   ,NA,NA,48.1704053420913,8591.6333726189,8591.6333726189,164.771050981732
2790596,35,17152202,Alcohol,2.42863720073665,0,Individual,1,0,2010,3,Day Trip,Visiting friends,NA,NA,12.1098695004383,16299.2630291223,16299.2630291223,312.588606037962
2787985,35,16891101,Alcohol,3.8801652892562,0,Individual,1,0,2010,3,Day Trip,Business   ,NA,NA,85.748044956485,6655.82304547136,6655.82304547136,127.645921419999
2788226,35,16915201,Alcohol,5.50458468176915,0,Individual,1,0,2010,3,Day Trip,Visiting friends,NA,NA,29.0674749538377,6222.77657075342,6222.77657075342,119.340920534997
2788715,35,16964101,Alcohol,7.35297397769517,0,Individual,1,0,2010,3,Day Trip,Recreation,NA,NA,9.89738375008708,10331.0530512463,10331.0530512463,198.12978454445
2788837,35,16976301,Alcohol,1.70666666666667,0,Individual,1,0,2010,3,Day Trip,Business   ,NA,NA,16.3871641342774,3738.99448143685,3738.99448143685,71.7067434796108
2788872,35,16979801,Alcohol,1.70666666666667,0,Individual,1,0,2010,3,Day Trip,Business   ,NA,NA,56.240798290359,7854.37899356936,7854.37899356936,150.63192590407
2790508,35,17143401,Alcohol,1.77022573735376,0,Individual,1,0,2010,3,Day Trip,Conference Or Convention,NA,NA,43.3571611633107,7604.17055215578,7604.17055215578,145.833407849563
2787361,35,16828701,Alcohol,3.11734693877551,0,Individual,1,0,2010,3,Day Trip,Hospital/Medical Treatment,NA,NA,528.257854493765,8024.99791218383,8024.99791218383,153.904069548731
2787911,35,16883701,Alcohol,1.77022573735376,10,Individual,1,0,2010,3,Day Trip,Business   ,NA,NA,325.991957669292,11576.024834695,11576.024834695,222.005955733877
2787975,35,16890101,Alcohol,1.77022573735376,28,Total,2,0,2010,3,Day Trip,Personal Business,NA,NA,62.112635735635,8332.89000423353,8332.89000423353,159.808849396259
2788258,35,16918401,Alcohol,2.62019230769231,0,Individual,1,0,2010,3,Day Trip,Holiday,NA,NA,12.623018833337,7854.37899356936,7854.37899356936,150.63192590407
2788672,35,16959801,Alcohol,3.98490813648294,0,Individual,1,0,2010,3,Day Trip,Visiting relatives,NA,NA,8.28922790113374,38711.176346784,38711.176346784,742.406121719145
2788785,35,16971101,Alcohol,1.72631578947368,0,Individual,1,0,2010,3,Day Trip,Attending wedding/Family Occasion/Funeral,NA,NA,29.6019935300016,10320.521707627,10320.521707627,197.927813570929
2788865,35,16979101,Alcohol,1.77022573735376,0,Individual,1,0,2010,3,Day Trip,Business   ,NA,NA,113.631388209207,1790.95614703431,1790.95614703431,34.3471041896991
2789745,35,17067101,Alcohol,5.50458468176915,0,Individual,1,0,2010,3,Day Trip,Visiting relatives,NA,NA,12.7226805844809,6843.51323311658,6843.51323311658,131.245459265249
2789935,35,17086101,Alcohol,1.77022573735376,0,Individual,1,0,2010,3,Day Trip,Conference Or Convention,NA,NA,17.3421740696424,8487.9874824618,8487.9874824618,162.783321581459
2789945,35,17087101,Alcohol,1.77022573735376,0,Individual,1,0,2010,3,Day Trip,Business   ,NA,NA,300.671507712409,6914.15904475177,6914.15904475177,132.600310447294
2790157,35,17108301,Alcohol,4.50682261208577,0,Individual,1,0,2010,3,Day Trip,Education Or Study,NA,NA,22.7301737146845,8678.85361768253,8678.85361768253,166.44376801035
2787354,67,16828002,Alcohol,2.42863720073665,0,Individual,1,0,2010,3,Day Trip,Visiting relatives,NA,NA,23.7503234443724,10214.3507445192,10214.3507445192,195.891658114066
2787547,67,16847302,Alcohol,1.70666666666667,0,Individual,1,0,2010,3,Day Trip,Personal Business,NA,NA,9.03439701357884,2942.35535531364,2942.35535531364,56.4287328416315
2788469,67,16939502,Alcohol,4.50682261208577,0,Individual,1,0,2010,3,Day Trip,Health Treatment,NA,NA,40.7384544392228,11945.5542598859,11945.5542598859,229.092821422469
2788810,67,16973602,Alcohol,3.8801652892562,0,Individual,1,0,2010,3,Day Trip,Business   ,NA,NA,13.9057906347352,3262.98497211829,3262.98497211829,62.5777939858301
2790150,67,17107602,Alcohol,5.50458468176915,0,Individual,1,0,2010,3,Day Trip,Visiting friends,NA,NA,35.5061210259771,3548.54206994688,3548.54206994688,68.0542314784332
2790876,67,17180202,Alcohol,1.77022573735376,0,Individual,1,0,2010,3,Day Trip,Business   ,NA,NA,17.5242595141193,7852.12672196181,7852.12672196181,147.799770714989
2788101,67,16902702,Alcohol,5.50458468176915,0,Individual,1,0,2010,3,Day Trip,Visiting friends,NA,NA,53.9721736343204,8952.99503530186,8952.99503530186,171.701274649625
2789027,67,16995302,Alcohol,1.70666666666667,0,Individual,1,0,2010,3,Day Trip,Personal Business,NA,NA,27.1088631312748,11052.026225719,11052.026225719,211.956667342555
2789518,67,17044402,Alcohol,5.50458468176915,50,Total,2,0,2010,3,Day Trip,Skiing,NA,NA,51.9403821598129,7192.13366652853,7192.13366652853,137.931330590958
2789689,67,17061503,Alcohol,2.42863720073665,0,NA,0,0,2010,3,Day Trip,Recreation,NA,NA,10.7499546503171,8483.21558901701,8483.21558901701,162.691805816764
2789865,67,17079102,Alcohol,4.50682261208577,0,Individual,1,0,2010,3,Day Trip,Recreation,NA,NA,17.7626132849286,8721.93737247013,8721.93737247013,167.270031800797
2787415,68,16834102,Alcohol,3.98490813648294,0,Individual,1,0,2010,3,Day Trip,Visiting friends,NA,NA,9.10882797892482,12789.9912398456,12789.9912398456,245.287503229915
2787672,68,16859802,Alcohol,3.11734693877551,0,Individual,1,0,2010,3,Day Trip,Visiting friends,NA,NA,19.8424697277184,6677.42531145131,6677.42531145131,128.060211452491
2787862,68,16878803,Alcohol,3.98490813648294,0,NA,0,0,2010,3,Day Trip,Visiting relatives,NA,NA,25.798489340663,10306.2595169333,10306.2595169333,197.654292105569
2787939,68,16886502,Alcohol,5.50458468176915,0,Individual,1,0,2010,3,Day Trip,Recreation,NA,NA,14.4680135462335,8171.82272189348,8171.82272189348,156.719887817135
2788058,68,16898402,Alcohol,1.77022573735376,0,Individual,1,0,2010,3,Day Trip,Personal Business,NA,NA,325.991957669292,9533.99261744271,9533.99261744271,182.843694033148
2788379,68,16930502,Alcohol,7.35297397769517,10,Individual,1,0,2010,3,Day Trip,Participating in sports activity,NA,NA,11.7441709141672,9432.90600827995,9432.90600827995,180.905046734136
2788941,68,16986702,Alcohol,7.35297397769517,0,Individual,1,0,2010,3,Day Trip,Visiting relatives,NA,NA,36.8814148549666,7123.38449226772,7123.38449226772,136.612853276367
2788967,68,16989302,Alcohol,1.77022573735376,0,Individual,1,0,2010,3,Day Trip,Personal Business,NA,NA,35.2223877820289,10026.8027220943,10026.8027220943,192.294846725097
2789015,68,16994102,Alcohol,1.72631578947368,0,Individual,1,0,2010,3,Day Trip,Visiting relatives,NA,NA,50.42804827859,3419.62947383675,3419.62947383675,65.5819351146773
2789301,68,17022702,Alcohol,1.77022573735376,0,Individual,1,0,2010,3,Day Trip,Personal Business,NA,NA,24.4926844600092,7156.2789372883,7156.2789372883,137.243705646625
2789362,68,17028802,Alcohol,1.77022573735376,0,Individual,1,0,2010,3,Day Trip,Personal Business,NA,NA,16.6927571123935,17491.3863994315,17491.3863994315,335.451246016495
2789626,68,17055202,Alcohol,3.98490813648294,10,Total,2,0,2010,3,Day Trip,Care of Invalids/Friends/Family Members,NA,NA,50.2619676868436,16720.6558426881,16720.6558426881,320.670112051552
2790429,68,17135502,Alcohol,2.62019230769231,0,Individual,1,0,2010,3,Day Trip,Health Treatment,NA,NA,23.7874713930063,2893.63140714452,2893.63140714452,55.4943009589359
2790651,68,17157702,Alcohol,4.50682261208577,0,Individual,1,0,2010,3,Day Trip,Visiting relatives,NA,NA,17.794113054664,8016.96987559722,8016.96987559722,153.750107203234
2790725,68,17165102,Alcohol,1.42702936096718,0,Individual,1,0,2010,3,Day Trip,Visiting friends,NA,NA,36.5958843021968,8272.3625732253,8272.3625732253,172.322516928494
2787327,68,16825302,Alcohol,5.50458468176915,0,Individual,1,0,2010,3,Day Trip,Visiting friends,NA,NA,31.1830153695228,7616.2302041368,7616.2302041368,146.064688846459
2787388,68,16831402,Alcohol,3.47222222222222,0,Individual,1,0,2010,3,Day Trip,Recreation,NA,NA,21.9119898190272,4156.11644742682,4156.11644742682,79.7063428273637
2787481,68,16840702,Alcohol,3.11734693877551,0,Individual,1,0,2010,3,Day Trip,Recreation,NA,NA,15.7744524018803,6585.90149121842,6585.90149121842,126.304960105559
2787841,68,16876702,Alcohol,7.35297397769517,0,Individual,1,0,2010,3,Day Trip,Skiing,NA,NA,26.6212657124143,9487.04518612885,9487.04518612885,181.943332336718
2787992,68,16891802,Alcohol,3.98490813648294,0,Individual,1,0,2010,3,Day Trip,Visiting relatives,NA,NA,22.7033080269026,16814.7387267822,16814.7387267822,322.474441335548
2788210,68,16913602,Alcohol,3.8801652892562,20,Total,2,0,2010,3,Day Trip,Business   ,NA,NA,35.1943222401256,11045.8496181961,11045.8496181961,211.838211855815
2789007,68,16993302,Alcohol,2.42863720073665,0,Individual,1,0,2010,3,Day Trip,Visiting relatives,NA,NA,15.5144450505623,29929.1535880788,29929.1535880788,573.983767442607
2789200,68,17012602,Alcohol,1.70666666666667,0,Individual,1,0,2010,3,Day Trip,Business   ,NA,NA,17.9848918616385,14202.3291492511,42428.694096801,813.700982678376
2789335,68,17026102,Alcohol,5.50458468176915,0,Individual,1,0,2010,3,Day Trip,Care of Invalids/Friends/Family Members,NA,NA,36.1703184077869,10667.95587675,10667.95587675,204.590934622602
2789913,68,17083902,Alcohol,7.35297397769517,0,Individual,1,0,2010,3,Day Trip,Recreation,NA,NA,154.038347789388,10124.5643492998,10124.5643492998,194.169727246846
2789949,68,17087502,Alcohol,7.35297397769517,0,Individual,1,0,2010,3,Day Trip,Sightseeing,NA,NA,19.6917309144564,13041.0915315736,13041.0915315736,250.103125263055
2790415,68,17134102,Alcohol,1.70666666666667,0,Individual,1,0,2010,3,Day Trip,Business   ,NA,NA,97.1328105806961,13241.2788082863,13241.2788082863,253.942333309601
2787959,67,16888502,Alcohol,1.77022573735376,0,Individual,1,0,2010,3,Day Trip,Business   ,NA,NA,320.442782730496,9086.38689432693,9086.38689432693,174.259474685722
2788338,67,16926403,Alcohol,2.62019230769231,0,NA,0,0,2010,3,Day Trip,Visiting friends,NA,NA,26.9251814671145,5233.30645447237,5233.30645447237,100.364781318648
2789559,67,17048502,Alcohol,1.77022573735376,0,Individual,1,0,2010,3,Day Trip,Personal Business,NA,NA,36.7990567107351,8646.05849932004,8646.05849932004,165.814820534905
2787463,69,16838902,Alcohol,3.47222222222222,0,Individual,1,0,2010,3,Day Trip,Visiting friends,NA,NA,21.9119898190272,5844.65913005585,5844.65913005585,112.089353179153
2787518,69,16844402,Alcohol,3.8801652892562,0,Individual,1,0,2010,3,Day Trip,Personal Business,NA,NA,50.8216407378078,11945.5542598859,11945.5542598859,229.092821422469
2788440,69,16936602,Alcohol,1.77022573735376,0,Individual,1,0,2010,3,Day Trip,Business   ,NA,NA,22.9875167870134,4468.46375872965,4468.46375872965,85.696565235911
2788475,69,16940102,Alcohol,3.11734693877551,0,Individual,1,0,2010,3,Day Trip,Visiting relatives,NA,NA,16.27095389977,4392.44164490193,4392.44164490193,84.2386068885302
2788732,69,16965802,Alcohol,1.77022573735376,0,Individual,1,0,2010,3,Day Trip,Business   ,NA,NA,180.217729682049,7492.14740693478,7492.14740693478,143.685018763133
2789018,69,16994402,Alcohol,7.35297397769517,0,Individual,1,0,2010,3,Day Trip,Hospital/Medical Treatment,NA,NA,14.0098689882673,7527.54632956249,7527.54632956249,144.363902210787
2789166,69,17009202,Alcohol,1.77022573735376,0,Individual,1,0,2010,3,Day Trip,Business   ,NA,NA,574.517750126162,4802.35609013961,4802.35609013961,92.0999798108966
2789372,69,17029802,Alcohol,7.35297397769517,10,Total,2,0,2010,3,Day Trip,Visiting relatives,NA,NA,8.20555870373771,17935.7828923258,17935.7828923258,343.97391848296
2789703,69,17062902,Alcohol,1.70666666666667,0,Individual,1,0,2010,3,Day Trip,Business   ,NA,NA,45.0253587480772,8971.62034035136,8971.62034035136,172.058472280711
2790188,69,17111402,Alcohol,1.77022573735376,0,Individual,1,0,2010,3,Day Trip,Conference Or Convention,NA,NA,56.240798290359,6843.51323311658,6843.51323311658,131.245459265249
2790310,69,17123602,Alcohol,4.50682261208577,0,Individual,1,0,2010,3,Day Trip,Visiting relatives,NA,NA,43.4562067011107,16110.4778253951,16110.4778253951,308.968067884289
2790432,69,17135802,Alcohol,2.62019230769231,0,Individual,1,0,2010,3,Day Trip,Recreation,NA,NA,15.4392045715365,6871.51156488594,6871.51156488594,131.782413573155
2790561,69,17148702,Alcohol,5.50458468176915,30,Individual,1,0,2010,3,Day Trip,Holiday,NA,NA,50.875014692556,8819.84005962962,8819.84005962962,169.147617581938
2790564,69,17149002,Alcohol,5.50458468176915,20,Total,2,0,2010,3,Day Trip,Visiting relatives,NA,NA,31.6535525121976,6885.26862622699,6885.26862622699,132.046247626271
2787706,69,16863202,Alcohol,1.70666666666667,0,Individual,1,0,2010,3,Day Trip,Personal Business,NA,NA,62.6220870302606,12813.3053479432,12813.3053479432,245.734623111239
2787731,69,16865702,Alcohol,1.70666666666667,0,Individual,1,0,2010,3,Day Trip,Personal Business,NA,NA,35.9949602765038,15095.0138531412,15095.0138531412,289.493416361612
2788008,69,16893402,Alcohol,1.70666666666667,0,Individual,1,0,2010,3,Day Trip,Business   ,NA,NA,64.2931745282985,9564.9768969843,9564.9768969843,183.43791309285
2788056,69,16898202,Alcohol,7.35297397769517,0,Individual,1,0,2010,3,Day Trip,Visiting friends,NA,NA,22.7033080269026,10797.5294823387,10797.5294823387,207.075907880469
2788085,69,16901102,Alcohol,1.70666666666667,0,Individual,1,0,2010,3,Day Trip,Business   ,NA,NA,98.1490788077078,8273.55513961754,8273.55513961754,158.670920485816
2788715,69,16964102,Alcohol,1.77022573735376,0,Individual,1,0,2010,3,Day Trip,Business   ,NA,NA,15.8012119703986,10331.0530512463,10331.0530512463,198.12978454445
2788718,69,16964402,Alcohol,2.42863720073665,0,Individual,1,0,2010,3,Day Trip,Attending wedding/Family Occasion/Funeral,NA,NA,12.9634673816132,11677.0286555048,11677.0286555048,223.943015311051
2788824,69,16975002,Alcohol,3.56153846153846,0,Individual,1,0,2010,3,Day Trip,Holiday,NA,NA,18.9491129740214,44756.413003269,44756.413003269,858.34216718598
2789222,69,17014802,Alcohol,2.42863720073665,0,Individual,1,0,2010,3,Day Trip,Education Or Study,NA,NA,32.4071336107466,11287.6854725987,11287.6854725987,216.476159748468
2789367,69,17029302,Alcohol,1.70666666666667,0,Individual,1,0,2010,3,Day Trip,Business   ,NA,NA,12.5878738046855,6380.31801978307,6380.31801978307,122.3622633931
2789733,69,17065902,Alcohol,3.98490813648294,0,Individual,1,0,2010,3,Day Trip,Recreation,NA,NA,11.0554635194505,18260.3940829858,18260.3940829858,350.19933857781
2789740,69,17066602,Alcohol,1.42702936096718,0,Individual,1,0,2010,3,Day Trip,Attending wedding/Family Occasion/Funeral,NA,NA,27.7568030586183,22171.4024151486,22171.4024151486,425.204977824767
2789775,69,17070102,Alcohol,1.77022573735376,0,Individual,1,0,2010,3,Day Trip,Business   ,NA,NA,84.8435506550646,7513.6140352706,7513.6140352706,144.096707525738
2789823,69,17074902,Alcohol,2.42863720073665,0,Individual,1,0,2010,3,Day Trip,Recreation,NA,NA,16.3627401916264,20632.3554789471,20632.3554789471,395.689009185286
2790675,69,17160102,Alcohol,1.77022573735376,0,Individual,1,0,2010,3,Day Trip,Business   ,NA,NA,203.864902669278,6655.82304547136,6655.82304547136,127.645921419999
2790713,69,17163902,Alcohol,7.35297397769517,0,Individual,1,0,2010,3,Day Trip,Recreation,NA,NA,33.4282238288709,6655.82304547136,6655.82304547136,131.386791215601
2788153,68,16907902,Alcohol,1.70666666666667,0,Individual,1,0,2010,3,Day Trip,Business   ,NA,NA,82.9615885639449,8487.9874824618,8487.9874824618,162.783321581459
2788401,68,16932702,Alcohol,1.70666666666667,0,Individual,1,0,2010,3,Day Trip,Business   ,NA,NA,17.7448707801724,10687.3415806341,10687.3415806341,204.962715245037
2788420,68,16934602,Alcohol,3.98490813648294,0,Individual,1,0,2010,3,Day Trip,Visiting relatives,NA,NA,31.2633263683185,12378.1865234303,12378.1865234303,237.389878531539
2789381,68,17030702,Alcohol,5.50458468176915,0,Individual,1,0,2010,3,Day Trip,Recreation,NA,NA,34.2982925844604,6832.39562609465,6832.39562609465,131.032244884007
2789824,68,17075002,Alcohol,7.35297397769517,0,Individual,1,0,2010,3,Day Trip,Attending wedding/Family Occasion/Funeral,NA,NA,48.2082081592473,6832.39562609465,6832.39562609465,131.032244884007
2790030,68,17095602,Alcohol,1.42702936096718,0,Individual,1,0,2010,3,Day Trip,Visiting friends,NA,NA,20.349146968336,11221.6723098642,11221.6723098642,215.210153887806
2790682,68,17160802,Alcohol,3.56153846153846,0,Individual,1,0,2010,3,Day Trip,Visiting friends,NA,NA,10.1271249272008,14054.444326923,14054.444326923,269.537288461536
2787264,70,16819002,Alcohol,1.77022573735376,0,Individual,1,0,2010,3,Day Trip,Personal Business,NA,NA,43.3571611633107,17901.041480187,17901.041480187,343.307644825504
2788780,70,16970602,Alcohol,1.70666666666667,0,Individual,1,0,2010,3,Day Trip,Business   ,NA,NA,70.6734738718452,14936.9897482707,14936.9897482707,286.462817090123
2790017,70,17094302,Alcohol,4.50682261208577,0,Individual,1,0,2010,3,Day Trip,Visiting relatives,NA,NA,55.8667752645053,39996.9057348882,39996.9057348882,767.063945600595
2787529,70,16845502,Alcohol,1.72631578947368,0,Individual,1,0,2010,3,Day Trip,Visiting friends,NA,NA,13.3122301381207,7293.43421565975,7293.43421565975,139.874080848269
2787673,70,16859902,Alcohol,1.42702936096718,0,Individual,1,0,2010,3,Day Trip,Visiting relatives,NA,NA,32.7406845468792,13299.255855266,13299.255855266,255.054221881813
2788152,70,16907802,Alcohol,1.77022573735376,0,Individual,1,0,2010,3,Day Trip,Business   ,NA,NA,27.9095309435706,9721.96090350449,9721.96090350449,186.448565272689
2790591,70,17151702,Alcohol,3.8801652892562,0,Individual,1,0,2010,3,Day Trip,Business   ,NA,NA,31.2996741619458,4751.61308816156,4751.61308816156,91.1268263483039
2787811,69,16873702,Alcohol,1.77022573735376,0,Individual,1,0,2010,3,Day Trip,Business   ,NA,NA,17.352050009895,15046.1210839707,15046.1210839707,288.555746815876
2788781,69,16970702,Alcohol,1.77022573735376,0,Individual,1,0,2010,3,Day Trip,Business   ,NA,NA,56.240798290359,8441.46164474968,8441.46164474968,161.891045241775
2789572,69,17049802,Alcohol,1.77022573735376,0,Individual,1,0,2010,3,Day Trip,Business   ,NA,NA,203.864902669278,8112.02250894063,8112.02250894063,155.57303441804
2790529,69,17145502,Alcohol,7.35297397769517,0,Individual,1,0,2010,3,Day Trip,Visiting friends,NA,NA,18.2789340111863,10656.1752767269,10656.1752767269,204.365005307091
2790648,69,17157402,Alcohol,1.62373737373737,0,Individual,1,0,2010,3,Day Trip,Visiting relatives,NA,NA,51.8284484621397,12260.0129406764,12260.0129406764,235.123535848589
2787851,70,16877702,Alcohol,1.70666666666667,0,Individual,1,0,2010,3,Day Trip,Personal Business,NA,NA,14.6066005656247,4522.71337932674,4522.71337932674,86.736968918595
2788378,70,16930402,Alcohol,1.62373737373737,0,Individual,1,0,2010,3,Day Trip,Hospital/Medical Treatment,NA,NA,9.39799168222054,6933.87400185042,6933.87400185042,132.97840551494
2788908,70,16983402,Alcohol,3.8801652892562,0,Individual,1,0,2010,3,Day Trip,Personal Business,NA,NA,19.6541998514834,6541.12438293883,6541.12438293883,125.446221042662
2789377,70,17030302,Alcohol,1.77022573735376,0,Individual,1,0,2010,3,Day Trip,Business   ,NA,NA,325.991957669292,7213.15325360894,7213.15325360894,138.334445959623
2789994,70,17092002,Alcohol,7.35297397769517,16,Total,2,0,2010,3,Day Trip,Recreation,NA,NA,25.3892473886699,12205.3572340075,12205.3572340075,234.075344213842
2790688,70,17161402,Alcohol,4.50682261208577,0,Individual,1,0,2010,3,Day Trip,Participating in sports activity,NA,NA,34.893969303054,25258.1905319988,25258.1905319988,484.403654038333
2788810,101,16973603,Alcohol,3.8801652892562,0,NA,0,0,2010,3,Day Trip,Business   ,NA,NA,13.9057906347352,3262.98497211829,3262.98497211829,62.5777939858301
2787672,102,16859803,Alcohol,1.77022573735376,0,Individual,1,0,2010,3,Day Trip,Business   ,NA,NA,44.6912738266331,6677.42531145131,6677.42531145131,128.060211452491
2787855,102,16878103,Alcohol,5.50458468176915,0,Individual,1,0,2010,3,Day Trip,Holiday,NA,NA,18.877499525876,8264.51262883835,8264.51262883835,158.497502470873
2788080,102,16900603,Alcohol,2.42863720073665,0,Individual,1,0,2010,3,Day Trip,Care of Invalids/Friends/Family Members,NA,NA,22.7033080269026,19748.5717748764,19748.5717748764,378.739732668862
2788678,102,16960403,Alcohol,1.62373737373737,0,Individual,1,0,2010,3,Day Trip,Recreation,NA,NA,26.828292798844,6335.71668077898,6335.71668077898,121.506895247816
2788941,102,16986703,Alcohol,7.35297397769517,0,Individual,1,0,2010,3,Day Trip,Visiting relatives,NA,NA,36.8814148549666,7123.38449226772,7123.38449226772,136.612853276367
2789301,102,17022703,Alcohol,1.77022573735376,0,NA,0,0,2010,3,Day Trip,Personal Business,NA,NA,21.4102561410535,7156.2789372883,7156.2789372883,137.243705646625
2790509,102,17143503,Alcohol,5.50458468176915,0,Individual,1,0,2010,3,Day Trip,Visiting relatives,NA,NA,19.1746504962577,6103.36067252412,6103.36067252412,117.05075262375
2789865,101,17079103,Alcohol,4.50682261208577,0,NA,0,0,2010,3,Day Trip,Recreation,NA,NA,14.1539237974953,8721.93737247013,8721.93737247013,167.270031800797
2788674,103,16960003,Alcohol,3.98490813648294,0,Individual,1,0,2010,3,Day Trip,Visiting friends,NA,NA,21.6032891866106,10106.2283684177,10106.2283684177,193.818078298421
2789163,103,17008903,Alcohol,5.50458468176915,0,Individual,1,0,2010,3,Day Trip,Visiting relatives,NA,NA,79.7360878179695,7662.41482305244,7662.41482305244,146.950421264019
2789166,103,17009203,Alcohol,1.77022573735376,0,Individual,1,0,2010,3,Day Trip,Business   ,NA,NA,398.709382657783,4802.35609013961,4802.35609013961,92.0999798108966
2789706,103,17063203,Alcohol,1.77022573735376,0,Individual,1,0,2010,3,Day Trip,Business   ,NA,NA,50.875014692556,4610.78546636424,4610.78546636424,88.4260226426018
2789789,103,17071503,Alcohol,3.11734693877551,0,Individual,1,0,2010,3,Day Trip,Visiting friends,NA,NA,18.5690437862725,2925.68615008568,2925.68615008568,56.109049453698
2790570,103,17149603,Alcohol,7.35297397769517,0,Individual,1,0,2010,3,Day Trip,Holiday,NA,NA,29.9265570128339,6914.15904475177,6914.15904475177,132.600310447294
2787693,102,16861903,Alcohol,1.77022573735376,0,Individual,1,0,2010,3,Day Trip,Personal Business,NA,NA,60.6033176760802,4688.72479296973,4688.72479296973,89.9207494542141
2788390,102,16931603,Alcohol,2.42863720073665,0,Individual,1,0,2010,3,Day Trip,Recreation,NA,NA,21.2795818134315,28404.6582985022,28404.6582985022,544.746871478124
2789007,102,16993303,Alcohol,2.42863720073665,0,Individual,1,0,2010,3,Day Trip,Visiting relatives,NA,NA,23.9233531218431,29929.1535880788,29929.1535880788,573.983767442607
2789039,102,16996503,Alcohol,1.77022573735376,0,Individual,1,0,2010,3,Day Trip,Personal Business,NA,NA,48.5227563363903,11434.57412868,11434.57412868,219.293202467835
2789659,102,17058503,Alcohol,3.11734693877551,0,Individual,1,0,2010,3,Day Trip,Holiday,NA,NA,9.8704231464798,8288.76013936252,8288.76013936252,158.962523220651
2787929,104,16885503,Alcohol,7.35297397769517,7,Individual,1,0,2010,3,Day Trip,Holiday,NA,NA,34.2260249110315,8680.32508580847,8680.32508580847,166.471987947012
2788501,104,16942703,Alcohol,4.50682261208577,0,Individual,1,0,2010,3,Day Trip,Recreation,NA,NA,20.2223817036577,11945.5542598859,11945.5542598859,229.092821422469
2787429,103,16835503,Alcohol,3.8801652892562,0,Individual,1,0,2010,3,Day Trip,Personal Business,NA,NA,28.1587556084091,13980.8525429827,13980.8525429827,268.125939180491
2787526,103,16845203,Alcohol,3.8801652892562,0,Individual,1,0,2010,3,Day Trip,Personal Business,NA,NA,15.0816519347878,14391.2792029599,14391.2792029599,275.99713539923
2787731,103,16865703,Alcohol,1.77022573735376,0,Individual,1,0,2010,3,Day Trip,Personal Business,NA,NA,56.240798290359,15095.0138531412,15095.0138531412,289.493416361612
2787792,103,16871803,Alcohol,1.77022573735376,0,Individual,1,0,2010,3,Day Trip,Business   ,NA,NA,361.822380542602,9721.96090350449,9721.96090350449,186.448565272689
2788718,103,16964403,Alcohol,2.42863720073665,20,Total,5,0,2010,3,Day Trip,Attending wedding/Family Occasion/Funeral,NA,NA,12.9634673816132,11677.0286555048,11677.0286555048,223.943015311051
2789222,103,17014803,Alcohol,1.42702936096718,0,Individual,1,0,2010,3,Day Trip,Recreation,NA,NA,27.4187515801259,11287.6854725987,11287.6854725987,216.476159748468
2787529,104,16845503,Alcohol,1.70666666666667,0,Individual,1,0,2010,3,Day Trip,Business   ,NA,NA,39.4469665335804,7293.43421565975,7293.43421565975,139.874080848269
2790729,104,17165503,Alcohol,7.35297397769517,0,Individual,1,0,2010,3,Day Trip,Visiting relatives,NA,NA,14.3088720537581,9086.38689432693,9086.38689432693,155.801020694958
2789381,102,17030703,Alcohol,1.70666666666667,0,Individual,1,0,2010,3,Day Trip,Business   ,NA,NA,34.0686695649504,6832.39562609465,6832.39562609465,131.032244884007
2790020,102,17094603,Alcohol,5.50458468176915,20,Individual,1,0,2010,3,Day Trip,Visiting friends,NA,NA,18.3289826016795,13040.0962537384,13040.0962537384,250.084037742928
2790415,102,17134103,Alcohol,1.70666666666667,0,Individual,1,0,2010,3,Day Trip,Business   ,NA,NA,90.716952444533,13241.2788082863,13241.2788082863,253.942333309601
2787811,103,16873703,Alcohol,1.77022573735376,0,Individual,1,0,2010,3,Day Trip,Business   ,NA,NA,23.5639323857199,15046.1210839707,15046.1210839707,288.555746815876
2788502,103,16942803,Alcohol,1.70666666666667,0,Individual,1,0,2010,3,Day Trip,Business   ,NA,NA,27.8042197110551,7852.12672196181,7852.12672196181,150.588731654062
2788781,103,16970703,Alcohol,1.77022573735376,0,Individual,1,0,2010,3,Day Trip,Business   ,NA,NA,56.240798290359,8441.46164474968,8441.46164474968,161.891045241775
2789231,103,17015703,Alcohol,4.50682261208577,0,Individual,1,0,2010,3,Day Trip,Visiting relatives,NA,NA,27.1905882717252,18513.7252460392,18513.7252460392,355.057744444588
2789925,103,17085103,Alcohol,1.70666666666667,0,Individual,1,0,2010,3,Day Trip,Personal Business,NA,NA,52.6157236198969,11662.8144953587,11662.8144953587,223.670414979483
2787661,104,16858703,Alcohol,2.42863720073665,0,Individual,1,0,2010,3,Day Trip,Participating in sports activity,NA,NA,21.8416635669223,14924.2797142194,14924.2797142194,286.219063012427
2787851,104,16877703,Alcohol,1.70666666666667,0,Individual,1,0,2010,3,Day Trip,Business   ,NA,NA,16.7095085799209,4522.71337932674,4522.71337932674,86.736968918595
2788378,104,16930403,Alcohol,3.8801652892562,0,Individual,1,0,2010,3,Day Trip,Personal Business,NA,NA,9.006616992699,6933.87400185042,6933.87400185042,132.97840551494
2788558,104,16948403,Alcohol,1.70666666666667,0,Individual,1,0,2010,3,Day Trip,Business   ,NA,NA,37.1932858621241,8273.55513961754,8273.55513961754,158.670920485816
2787672,136,16859804,Alcohol,3.8801652892562,0,NA,0,0,2010,3,Day Trip,Personal Business,NA,NA,14.9759484785938,6677.42531145131,6677.42531145131,128.060211452491
2789163,137,17008904,Alcohol,1.70666666666667,0,Individual,1,0,2010,3,Day Trip,Business   ,NA,NA,80.0001264221059,7662.41482305244,7662.41482305244,146.950421264019
2789651,137,17057704,Alcohol,3.11734693877551,0,Individual,1,0,2010,3,Day Trip,Recreation,NA,NA,28.9692039789357,2943.07050089652,2943.07050089652,56.4424479623989
2788558,138,16948404,Alcohol,1.70666666666667,0,Individual,1,0,2010,3,Day Trip,Business   ,NA,NA,37.1932858621241,8273.55513961754,8273.55513961754,158.670920485816
2788197,136,16912304,Alcohol,1.72631578947368,0,Individual,1,0,2010,3,Day Trip,Visiting relatives,NA,NA,38.4139568023882,8132.34191016743,8132.34191016743,155.962721564855
2787429,137,16835504,Alcohol,3.8801652892562,0,Individual,1,0,2010,3,Day Trip,Personal Business,NA,NA,28.1587556084091,13980.8525429827,13980.8525429827,268.125939180491
2788718,137,16964404,Alcohol,1.77022573735376,0,NA,0,0,2010,3,Day Trip,Personal Business,NA,NA,19.8302456271255,11677.0286555048,11677.0286555048,223.943015311051
2789241,138,17016704,Alcohol,1.70666666666667,0,Individual,1,0,2010,3,Day Trip,Business   ,NA,NA,116.894264575913,4828.26398942875,4828.26398942875,92.5968436328801
2790729,138,17165504,Alcohol,7.35297397769517,0,Individual,1,0,2010,3,Day Trip,Sightseeing,NA,NA,13.1070577339948,9086.38689432693,9086.38689432693,155.801020694958
2787672,170,16859805,Alcohol,3.8801652892562,0,NA,0,0,2010,3,Day Trip,Personal Business,NA,NA,53.6849124864564,6677.42531145131,6677.42531145131,128.060211452491
2789217,170,17014305,Alcohol,3.56153846153846,0,Individual,1,0,2010,3,Day Trip,Recreation,NA,NA,15.683645100353,11680.7664088193,11680.7664088193,224.014698251329
2788810,135,16973604,Alcohol,3.8801652892562,0,NA,0,0,2010,3,Day Trip,Business   ,NA,NA,13.9057906347352,3262.98497211829,3262.98497211829,62.5777939858301
2787891,137,16881704,Alcohol,3.98490813648294,0,Individual,1,0,2010,3,Day Trip,Holiday,NA,NA,43.70490804185,30865.1136115937,30865.1136115937,591.933685701796
2788781,137,16970704,Alcohol,1.77022573735376,0,NA,0,0,2010,3,Day Trip,Business   ,NA,NA,56.240798290359,8441.46164474968,8441.46164474968,161.891045241775
2788810,169,16973605,Alcohol,3.8801652892562,0,NA,0,0,2010,3,Day Trip,Business   ,NA,NA,13.9057906347352,3262.98497211829,3262.98497211829,62.5777939858301
2787891,171,16881705,Alcohol,4.50682261208577,0,Individual,1,0,2010,3,Day Trip,Visiting relatives,NA,NA,26.54233283523,30865.1136115937,30865.1136115937,591.933685701796
2787402,33,16832801,Alcohol,1.62373737373737,0,Individual,1,0,2010,3,Day Trip,Visiting relatives,NA,NA,11.4639614021219,6009.03005465402,6009.03005465402,115.241672281036
2787498,33,16842401,Alcohol,7.35297397769517,14,Total,2,0,2010,3,Day Trip,Recreation,NA,NA,12.7427968974836,8512.73104890228,8512.73104890228,163.257855732372
2787582,33,16850801,Alcohol,5.50458468176915,0,Individual,1,0,2010,3,Day Trip,Hospital/Medical Treatment,NA,NA,50.2910049961409,3575.90479494042,3575.90479494042,68.5789960673505
2787601,33,16852701,Alcohol,5.50458468176915,0,Individual,1,0,2010,3,Day Trip,Visiting relatives,NA,NA,16.2893877386808,2925.68615008568,2925.68615008568,56.109049453698
2787704,33,16863001,Alcohol,4.50682261208577,0,Individual,1,0,2010,3,Day Trip,Recreation,NA,NA,32.1131612864281,15598.9551022252,15598.9551022252,299.158043056373
2787781,33,16870701,Alcohol,1.70666666666667,0,Individual,1,0,2010,3,Day Trip,Business   ,NA,NA,36.7990567107351,7102.96334350479,7102.96334350479,136.221214806941
2788436,33,16936201,Alcohol,5.50458468176915,0,Individual,1,0,2010,3,Day Trip,Visiting friends,NA,NA,48.2082081592473,7207.13560354795,7207.13560354795,138.219038972152
2788459,33,16938501,Alcohol,3.98490813648294,25,Individual,1,0,2010,3,Day Trip,Recreation,NA,NA,56.7951336189901,13641.1758060243,13641.1758060243,261.611590800467
2788636,33,16956201,Alcohol,3.8801652892562,0,Individual,1,0,2010,3,Day Trip,Personal Business,NA,NA,14.0249033125808,3666.95322384457,3666.95322384457,70.3251303203068
2788697,33,16962301,Alcohol,3.56153846153846,0,Individual,1,0,2010,3,Day Trip,Visiting relatives,NA,NA,17.3989694010919,38205.129961467,38205.129961467,732.701122548683
2789375,33,17030101,Alcohol,2.42863720073665,85,Individual,1,0,2010,3,Day Trip,Holiday,NA,NA,11.1011096381677,11079.2204968111,11079.2204968111,212.478201308706
2789471,33,17039701,Alcohol,3.8801652892562,0,Individual,1,0,2010,3,Day Trip,Business   ,NA,NA,69.9663728612661,22641.4620807109,22641.4620807109,434.219820725962
2790056,33,17098201,Alcohol,1.70666666666667,0,Individual,1,0,2010,3,Day Trip,Personal Business,NA,NA,29.3587675410321,23601.9944941514,23601.9944941514,452.640990298794
2790078,33,17100401,Alcohol,3.98490813648294,0,Individual,1,0,2010,3,Day Trip,Visiting relatives,NA,NA,22.885913767884,12789.9912398456,12789.9912398456,245.287503229915
2790091,33,17101701,Alcohol,1.77022573735376,20,Total,2,0,2010,3,Day Trip,Business   ,NA,NA,23.5627838537104,17463.7405016226,17463.7405016226,334.92105071605
2790094,33,17102001,Alcohol,5.50458468176915,0,Individual,1,0,2010,3,Day Trip,Visiting relatives,NA,NA,19.1746504962577,9759.62435892854,9759.62435892854,187.170878116438
2790098,33,17102401,Alcohol,1.72631578947368,0,Individual,1,0,2010,3,Day Trip,Recreation,NA,NA,35.3687731238076,3366.01225390894,3366.01225390894,64.5536596640071
2790152,33,17107801,Alcohol,3.98490813648294,0,Individual,1,0,2010,3,Day Trip,Visiting relatives,NA,NA,29.2371770481485,12378.1865234303,12378.1865234303,237.389878531539
2790512,33,17143801,Alcohol,1.42702936096718,0,Individual,1,0,2010,3,Day Trip,Visiting relatives,NA,NA,30.2023324763651,18427.8996637824,18427.8996637824,353.41177437391
2790541,33,17146701,Alcohol,1.70666666666667,0,Individual,1,0,2010,3,Day Trip,Personal Business,NA,NA,17.5960422904244,14678.4167501317,14678.4167501317,281.503882879238
2790628,33,17155401,Alcohol,1.72631578947368,0,Individual,1,0,2010,3,Day Trip,Visiting relatives,NA,NA,25.4910115403886,10595.7943283646,10595.7943283646,203.207014516582
2787294,34,16822001,Alcohol,5.50458468176915,0,Individual,1,0,2010,3,Day Trip,Recreation,NA,NA,24.342325045206,5734.66043487868,5734.66043487868,109.979789162057
2787313,34,16823901,Alcohol,4.50682261208577,0,Individual,1,0,2010,3,Day Trip,Participating in sports activity,NA,NA,27.0522414459777,24205.0882239913,24205.0882239913,464.207171419011
2787609,34,16853501,Alcohol,5.50458468176915,0,Individual,1,0,2010,3,Day Trip,Recreation,NA,NA,46.0267116153897,4392.44164490193,4392.44164490193,84.2386068885302
2787670,34,16859601,Alcohol,7.35297397769517,0,Individual,1,0,2010,3,Day Trip,Visiting friends,NA,NA,29.1109689296642,9162.80441945643,9162.80441945643,175.725016263548
2787773,34,16869901,Alcohol,2.42863720073665,0,Individual,1,0,2010,3,Day Trip,Recreation,NA,NA,32.4071336107466,11715.4043526694,11715.4043526694,224.67898758544
2787840,34,16876601,Alcohol,1.72631578947368,0,Individual,1,0,2010,3,Day Trip,Recreation,NA,NA,19.1029094737384,10085.2353813044,10085.2353813044,193.415473066113
2787850,34,16877601,Alcohol,4.50682261208577,0,Individual,1,0,2010,3,Day Trip,Holiday,NA,NA,27.7526562528076,10426.9685537617,10426.9685537617,199.969259935156
2788097,34,16902301,Alcohol,1.77022573735376,22,Individual,1,0,2010,3,Day Trip,Business   ,NA,NA,259.224952422397,8487.9874824618,8487.9874824618,162.783321581459
2788210,34,16913601,Alcohol,3.8801652892562,20,Total,2,0,2010,3,Day Trip,Business   ,NA,NA,35.1943222401256,11045.8496181961,11045.8496181961,211.838211855815
2788460,34,16938601,Alcohol,5.50458468176915,0,Individual,1,0,2010,3,Day Trip,Visiting relatives,NA,NA,37.3575514878643,9086.38689432693,9086.38689432693,174.259474685722
2788550,34,16947601,Alcohol,1.42702936096718,0,Individual,1,0,2010,3,Day Trip,Participating in sports activity,NA,NA,18.1882338267095,17290.3710984453,17290.3710984453,331.596158052376
2788634,34,16956001,Alcohol,1.77022573735376,0,Individual,1,0,2010,3,Day Trip,Conference Or Convention,NA,NA,8.79758286817012,14408.0730130124,14408.0730130124,276.319208468731
2788666,34,16959201,Alcohol,3.8801652892562,0,Individual,1,0,2010,3,Day Trip,Personal Business,NA,NA,39.5681049621542,8391.75303777695,8391.75303777695,160.937729491613
2788682,34,16960801,Alcohol,3.8801652892562,20,Individual,1,0,2010,3,Day Trip,Business   ,NA,NA,44.1831917412004,16987.3190812774,16987.3190812774,325.784201558744
2788907,34,16983301,Alcohol,3.98490813648294,0,Individual,1,0,2010,3,Day Trip,Visiting relatives,NA,NA,20.0268221893123,17491.3863994315,17491.3863994315,335.451246016495
2789048,34,16997401,Alcohol,1.70666666666667,0,Individual,1,0,2010,3,Day Trip,Business   ,NA,NA,77.8206537453694,7025.28722354554,7025.28722354554,134.731535794024
2789119,34,17004501,Alcohol,1.77022573735376,0,Individual,1,0,2010,3,Day Trip,Business   ,NA,NA,111.385238728724,24807.1564016281,24807.1564016281,475.753684414786
2789225,34,17015101,Alcohol,3.98490813648294,0,Individual,1,0,2010,3,Day Trip,Visiting relatives,NA,NA,31.2633263683185,12286.06358147,12286.06358147,235.623137178876
2789315,34,17024101,Alcohol,7.35297397769517,6,Individual,1,0,2010,3,Day Trip,Attending wedding/Family Occasion/Funeral,NA,NA,13.4211237401849,8644.05484339186,8644.05484339186,165.77639425683
2789463,34,17038901,Alcohol,1.42702936096718,0,Individual,1,0,2010,3,Day Trip,Publicised special event,NA,NA,37.9827653118221,22099.1571979553,22099.1571979553,423.819453111471
2789476,34,17040201,Alcohol,1.70666666666667,0,Individual,1,0,2010,3,Day Trip,Personal Business,NA,NA,14.2573821787203,10498.0008846729,10498.0008846729,201.331523815644
2789479,34,17040501,Alcohol,5.50458468176915,30,Total,2,0,2010,3,Day Trip,Holiday,NA,NA,17.6422327437294,3326.53599463308,3326.53599463308,63.7965807189906
2789485,34,17041101,Alcohol,4.50682261208577,12,Individual,1,0,2010,3,Day Trip,Participating in sports activity,NA,NA,17.9329223682955,11363.2854714929,11363.2854714929,217.92602274096
2789498,34,17042401,Alcohol,1.77022573735376,0,Individual,1,0,2010,3,Day Trip,Personal Business,NA,NA,53.2880800024978,14202.3291492511,47926.4368609649,919.137145278778
2789521,34,17044701,Alcohol,1.42702936096718,0,Individual,1,0,2010,3,Day Trip,Recreation,NA,NA,21.9279140138178,9508.14351886382,9508.14351886382,182.347957896018
2789707,34,17063301,Alcohol,1.70666666666667,0,Individual,1,0,2010,3,Day Trip,Personal Business,NA,NA,36.3788189697752,10986.5902988193,10986.5902988193,210.701731758178
2789717,34,17064301,Alcohol,3.8801652892562,0,Individual,1,0,2010,3,Day Trip,Personal Business,NA,NA,32.5358259978878,23655.0876109851,23655.0876109851,453.659214457249
2789810,34,17073601,Alcohol,1.42702936096718,0,Individual,1,0,2010,3,Day Trip,Recreation,NA,NA,14.1539237974953,19538.573298516,19538.573298516,374.712364629074
2789877,34,17080301,Alcohol,3.8801652892562,0,Individual,1,0,2010,3,Day Trip,Business   ,NA,NA,791.075986193515,12984.400620457,12984.400620457,249.015902310134
2789884,34,17081001,Alcohol,1.42702936096718,0,Individual,1,0,2010,3,Day Trip,Visiting relatives,NA,NA,25.1129674523142,18512.639645289,18512.639645289,355.036924704173
2789913,34,17083901,Alcohol,5.50458468176915,0,Individual,1,0,2010,3,Day Trip,Recreation,NA,NA,13.278373609117,10124.5643492998,10124.5643492998,194.169727246846
2789948,34,17087401,Alcohol,4.50682261208577,6,Individual,1,0,2010,3,Day Trip,Visiting relatives,NA,NA,22.4533418038044,25116.429887438,25116.429887438,481.684956745387
2789996,34,17092201,Alcohol,5.50458468176915,0,Individual,1,0,2010,3,Day Trip,Recreation,NA,NA,50.7752495695176,10048.3264458623,10048.3264458623,192.707630468592
2790115,34,17104101,Alcohol,1.70666666666667,0,Individual,1,0,2010,3,Day Trip,Personal Business,NA,NA,16.0576970449269,31715.5057252713,31715.5057252713,608.242575553149
2790131,34,17105701,Alcohol,1.70666666666667,0,Individual,1,0,2010,3,Day Trip,Business   ,NA,NA,43.438323560438,9114.16002927086,9114.16002927086,174.7921101504
2787382,35,16830801,Alcohol,1.70666666666667,0,Individual,1,0,2010,3,Day Trip,Personal Business,NA,NA,33.3659516763523,6305.76912042499,6305.76912042499,120.932558473904
2787678,35,16860401,Alcohol,2.42863720073665,0,Individual,1,0,2010,3,Day Trip,Recreation,NA,NA,9.54415902982213,10207.1919007484,10207.1919007484,195.754365219832
2787761,35,16868701,Alcohol,5.50458468176915,0,Individual,1,0,2010,3,Day Trip,Visiting relatives,NA,NA,12.4192884821679,3738.99448143685,3738.99448143685,71.7067434796108
2788182,35,16910801,Alcohol,1.77022573735376,7,Individual,1,0,2010,3,Day Trip,Business   ,NA,NA,325.991957669292,7213.15325360894,7213.15325360894,138.334445959623
2788526,35,16945201,Alcohol,3.8801652892562,100,Total,2,0,2010,3,Day Trip,Business   ,NA,NA,39.5681049621542,6222.77657075342,6222.77657075342,119.340920534997
2789567,35,17049301,Alcohol,1.70666666666667,0,Individual,1,0,2010,3,Day Trip,Business   ,NA,NA,287.507848045927,9432.90600827995,9432.90600827995,180.905046734136
2789850,35,17077601,Alcohol,1.62373737373737,0,Individual,1,0,2010,3,Day Trip,Visiting relatives,NA,NA,9.31370410127538,7833.25650244548,7833.25650244548,150.226837033201
2790007,35,17093301,Alcohol,1.42702936096718,0,Individual,1,0,2010,3,Day Trip,Sightseeing,NA,NA,33.1426992291682,9868.4310647307,9868.4310647307,189.257582063328
2790608,35,17153401,Alcohol,5.50458468176915,0,Individual,1,0,2010,3,Day Trip,Recreation,NA,NA,23.9652085999505,7534.81178094221,7534.81178094221,144.503239634508
2788436,67,16936202,Alcohol,5.50458468176915,0,Individual,1,0,2010,3,Day Trip,Visiting relatives,NA,NA,48.2082081592473,7207.13560354795,7207.13560354795,138.219038972152
2790056,67,17098202,Alcohol,1.42702936096718,0,Individual,1,0,2010,3,Day Trip,Publicised special event,NA,NA,23.4224861020467,23601.9944941514,23601.9944941514,452.640990298794
2790152,67,17107802,Alcohol,4.50682261208577,0,Individual,1,0,2010,3,Day Trip,Recreation,NA,NA,12.494543286058,12378.1865234303,12378.1865234303,237.389878531539
2787506,68,16843202,Alcohol,1.72631578947368,0,Individual,1,0,2010,3,Day Trip,Hospital/Medical Treatment,NA,NA,51.0519829467674,5095.22948144631,5095.22948144631,97.716729781162
2787850,68,16877602,Alcohol,4.50682261208577,0,Individual,1,0,2010,3,Day Trip,Holiday,NA,NA,26.2320285300073,10426.9685537617,10426.9685537617,199.969259935156
2789013,68,16993902,Alcohol,7.35297397769517,0,Individual,1,0,2010,3,Day Trip,Recreation,NA,NA,23.2285827033993,4468.46375872965,4468.46375872965,85.696565235911
2789048,68,16997402,Alcohol,1.77022573735376,0,Individual,1,0,2010,3,Day Trip,Business   ,NA,NA,203.864902669278,7025.28722354554,7025.28722354554,134.731535794024
2789225,68,17015102,Alcohol,4.50682261208577,0,Individual,1,0,2010,3,Day Trip,Visiting friends,NA,NA,18.4267546028924,12286.06358147,12286.06358147,235.623137178876
2789267,68,17019302,Alcohol,4.50682261208577,0,Individual,1,0,2010,3,Day Trip,Visiting relatives,NA,NA,17.7914281548981,21535.1711120492,21535.1711120492,413.003281600944
2789312,68,17023802,Alcohol,5.50458468176915,0,Individual,1,0,2010,3,Day Trip,Recreation,NA,NA,17.794113054664,12252.6415146871,12252.6415146871,234.982166035095
2789498,68,17042402,Alcohol,3.8801652892562,0,Individual,1,0,2010,3,Day Trip,Business   ,NA,NA,15.8945056918641,14202.3291492511,47926.4368609649,919.137145278778
2789533,68,17045902,Alcohol,3.8801652892562,0,Individual,1,0,2010,3,Day Trip,Business   ,NA,NA,10.3338381618461,3195.08541025502,3195.08541025502,61.2756106076305
2789707,68,17063302,Alcohol,3.8801652892562,0,Individual,1,0,2010,3,Day Trip,Personal Business,NA,NA,18.8759251678343,10986.5902988193,10986.5902988193,210.701731758178
2787334,69,16826002,Alcohol,7.35297397769517,0,Individual,1,0,2010,3,Day Trip,Participating in sports activity,NA,NA,28.8457268712388,5586.5212933658,5586.5212933658,107.138764530303
2787472,69,16839802,Alcohol,1.72631578947368,0,Individual,1,0,2010,3,Day Trip,Attending wedding/Family Occasion/Funeral,NA,NA,31.2025467999307,3518.14422469168,3518.14422469168,67.4712591036761
2787613,69,16853902,Alcohol,7.35297397769517,40,Total,2,0,2010,3,Day Trip,Recreation,NA,NA,114.764199122083,8307.10106470373,8307.10106470373,159.314266994318
2787745,69,16867102,Alcohol,1.77022573735376,8,Total,2,0,2010,3,Day Trip,Personal Business,NA,NA,24.4926844600092,9003.80546951974,9003.80546951974,172.675721333255
2788166,69,16909202,Alcohol,7.35297397769517,0,Individual,1,0,2010,3,Day Trip,Recreation,NA,NA,33.9284293352958,10386.9679251528,10386.9679251528,199.202124591972
2788674,69,16960002,Alcohol,3.98490813648294,0,Individual,1,0,2010,3,Day Trip,Visiting relatives,NA,NA,14.0098689882673,10106.2283684177,10106.2283684177,193.818078298421
2788751,69,16967702,Alcohol,5.50458468176915,0,Individual,1,0,2010,3,Day Trip,Recreation,NA,NA,33.009132778336,6061.60499882582,6061.60499882582,116.249958881591
2788815,69,16974102,Alcohol,2.42863720073665,0,Individual,1,0,2010,3,Day Trip,Visiting friends,NA,NA,38.4288282650075,24835.239809358,24835.239809358,476.292270316455
2788828,69,16975402,Alcohol,1.77022573735376,0,Individual,1,0,2010,3,Day Trip,Personal Business,NA,NA,18.2396643562142,15211.2324304263,15211.2324304263,291.722265788998
2788953,69,16987902,Alcohol,5.50458468176915,0,Individual,1,0,2010,3,Day Trip,Participating in sports activity,NA,NA,27.7568030586183,6042.4431488413,6042.4431488413,115.882471347641
2789005,69,16993102,Alcohol,1.77022573735376,0,Individual,1,0,2010,3,Day Trip,Personal Business,NA,NA,32.1901716772906,30865.1136115937,30865.1136115937,591.933685701796
2789143,69,17006902,Alcohol,4.50682261208577,0,Individual,1,0,2010,3,Day Trip,Sightseeing,NA,NA,30.4442313261787,14715.0024318683,14715.0024318683,282.205526090626
2789422,69,17034802,Alcohol,7.35297397769517,0,Individual,1,0,2010,3,Day Trip,Sightseeing,NA,NA,28.8457268712388,7198.28030213282,7198.28030213282,138.04921127378
2789596,69,17052202,Alcohol,1.42702936096718,0,Individual,1,0,2010,3,Day Trip,Education Or Study,NA,NA,21.4315554010045,16050.0712356721,16050.0712356721,307.809585341657
2789972,69,17089802,Alcohol,5.50458468176915,0,Individual,1,0,2010,3,Day Trip,Recreation,NA,NA,13.5047401614972,12581.4090215289,12581.4090215289,241.287296303294
2790258,69,17118402,Alcohol,4.50682261208577,0,Individual,1,0,2010,3,Day Trip,Recreation,NA,NA,45.0250549238813,20052.1012569654,20052.1012569654,384.560846023993
2790502,69,17142802,Alcohol,1.70666666666667,0,Individual,1,0,2010,3,Day Trip,Business   ,NA,NA,270.39219369178,9226.75533214667,9226.75533214667,176.951472123361
2790534,69,17146002,Alcohol,3.11734693877551,0,Individual,1,0,2010,3,Day Trip,Sightseeing,NA,NA,13.6210870181427,5110.94773392645,5110.94773392645,98.0181757191374
2790643,69,17156902,Alcohol,1.77022573735376,0,Individual,1,0,2010,3,Day Trip,Business   ,NA,NA,31.1197480222689,26099.7162801971,26099.7162801971,500.542504003781
2787621,70,16854702,Alcohol,5.50458468176915,0,Individual,1,0,2010,3,Day Trip,Recreation,NA,NA,38.4135612907888,4582.32767562506,4582.32767562506,87.8802567928094
2788813,70,16973902,Alcohol,3.11734693877551,0,Individual,1,0,2010,3,Day Trip,Visiting friends,NA,NA,15.5823345651971,7838.98820033591,7838.98820033591,150.336760006442
2788436,101,16936203,Alcohol,7.35297397769517,0,NA,0,0,2010,3,Day Trip,Visiting friends,NA,NA,23.9233531218431,7207.13560354795,7207.13560354795,138.219038972152
2787634,102,16856003,Alcohol,3.8801652892562,0,Individual,1,0,2010,3,Day Trip,Business   ,NA,NA,15.0816519347878,6684.82017736324,6684.82017736324,128.202030798747
2789864,102,17079003,Alcohol,1.42702936096718,0,Individual,1,0,2010,3,Day Trip,Attending wedding/Family Occasion/Funeral,NA,NA,29.02701938642,28404.6582985022,28404.6582985022,544.746871478124
2790218,102,17114403,Alcohol,1.77022573735376,0,Individual,1,0,2010,3,Day Trip,Business   ,NA,NA,304.020165046869,8600.58066872882,8600.58066872882,164.942642961923
2787706,103,16863203,Alcohol,1.42702936096718,40,Total,2,0,2010,3,Day Trip,Sightseeing,NA,NA,62.3601727128624,12813.3053479432,12813.3053479432,245.734623111239
2787870,103,16879604,Alcohol,1.42702936096718,0,Individual,1,0,2010,3,Day Trip,Visiting friends,NA,NA,36.0492775633952,16824.2103652184,16824.2103652184,322.656089195969
2788953,103,16987903,Alcohol,1.77022573735376,0,Individual,1,0,2010,3,Day Trip,Business   ,NA,NA,98.1490788077078,6042.4431488413,6042.4431488413,115.882471347641
2789252,103,17017803,Alcohol,1.42702936096718,0,Individual,1,0,2010,3,Day Trip,Attending wedding/Family Occasion/Funeral,NA,NA,14.9165311584509,15180.6585618055,15180.6585618055,291.135917623667
2789972,103,17089803,Alcohol,1.70666666666667,0,Individual,1,0,2010,3,Day Trip,Business   ,NA,NA,48.2318953199252,12581.4090215289,12581.4090215289,241.287296303294
2790155,103,17108103,Alcohol,3.11734693877551,20,Total,2,0,2010,3,Day Trip,Recreation,NA,NA,11.7915613823125,5235.30335993966,5235.30335993966,100.403078135829
2790502,103,17142803,Alcohol,5.50458468176915,0,Individual,1,0,2010,3,Day Trip,Sightseeing,NA,NA,70.2628985108202,9226.75533214667,9226.75533214667,176.951472123361
2790685,103,17161103,Alcohol,5.50458468176915,0,Individual,1,0,2010,3,Day Trip,Visiting relatives,NA,NA,47.8555508234828,13905.8058223902,13905.8058223902,266.686687004743
2790727,103,17165304,Alcohol,1.77022573735376,0,Individual,1,0,2010,3,Day Trip,Business   ,NA,NA,12.0287953538546,15364.4010916035,15364.4010916035,296.846008276721
2788813,104,16973903,Alcohol,3.11734693877551,0,Individual,1,0,2010,3,Day Trip,Visiting relatives,NA,NA,15.5823345651971,7838.98820033591,7838.98820033591,150.336760006442
2789957,104,17088303,Alcohol,1.77022573735376,0,Individual,1,0,2010,3,Day Trip,Personal Business,NA,NA,325.991957669292,6770.57331877571,6770.57331877571,129.846611592959
2789999,104,17092503,Alcohol,5.50458468176915,0,Individual,1,0,2010,3,Day Trip,Visiting friends,NA,NA,21.368119941522,5130.24372252059,5130.24372252059,98.3882357743676
2790028,104,17095403,Alcohol,1.77022573735376,0,Individual,1,0,2010,3,Day Trip,Business   ,NA,NA,93.5766118904597,7620.89399207583,7620.89399207583,146.154131354879
2787668,137,16859404,Alcohol,1.42702936096718,0,Individual,1,0,2010,3,Day Trip,Skiing,NA,NA,49.0642023183347,11715.4043526694,11715.4043526694,224.67898758544
2790155,137,17108104,Alcohol,5.50458468176915,10,Total,2,0,2010,3,Day Trip,Skiing,NA,NA,34.6056788336188,5235.30335993966,5235.30335993966,100.403078135829
2790685,137,17161104,Alcohol,5.50458468176915,0,Individual,1,0,2010,3,Day Trip,Visiting relatives,NA,NA,32.1700658201085,13905.8058223902,13905.8058223902,266.686687004743
2790654,138,17158004,Alcohol,3.47222222222222,30,Individual,1,0,2010,3,Day Trip,Participating in sports activity,NA,NA,25.14921661476,23580.2690388083,23580.2690388083,452.224337730569
2787668,171,16859405,Alcohol,1.42702936096718,30,Total,2,0,2010,3,Day Trip,Visiting friends,NA,NA,21.7484306599729,11715.4043526694,11715.4043526694,224.67898758544
2790192,204,17111806,Alcohol,5.50458468176915,100,Total,2,0,2010,3,Day Trip,Attending wedding/Family Occasion/Funeral,NA,NA,60.6562194806683,12509.8564729311,12509.8564729311,239.915055645255
